Nama_Cafe,Rating,Jumlah_Ulasan,Alamat,Kategori,Rentang_Harga,Harga_Min_Rp,Harga_Max_Rp,Jam_Tutup_Buka,Status_Buka,Order_Online,Dine_In,Layanan_Tambahan,Opsi_Delivery,URL_Foto,Latitude,Longitude
La Luna Coffee & Eatery,4.9,838,"Jl. Ir. Sutami No.64, Jebres, Kec. Jebres, Kota Surakarta, Jawa Tengah 57125",Cafe,Rp 25–50K,25000,50000,10.00 am–12.00 am,Tidak Buka 24 Jam,Ya,Ya,Takeaway,Tidak diketahui,https://lh3.googleusercontent.com/gps-cs-s/APNQkAGNC2mJxPl4SDjXJm1UCmxnhm88Ey9U4u-P-h4UH2amJLEkemFU4UjpWuxyAHmh4au1MTWKoJ_VPjf-K7iv1GEOQx83f6bqp1oRkWi8f5nqv6K0g6zdObNs5ztBRH6es11Qslxf=w1000-h1000-k-no,-7.5636179,110.8532618
Almamater Coffee & Eatery Solo,4.6,2027,"Jl. Kolonel Sutarto No.32, Jebres, Kec. Jebres, Kota Surakarta, Jawa Tengah 57126",Coffee shop,Rp 25–50K,25000,50000,8.00 am-12.00 pm,Tidak Buka 24 Jam,Ya,Ya,Takeaway,Delivery tanpa kontak,https://lh3.googleusercontent.com/gps-cs-s/APNQkAEQhgxxY7coVbIhQkecJWahcS7FWwnoDVB6WCndUKbrbNRalIEu5bscSNQMxipV1Z7UVgN16BNrr0zdYj_L_Wg7AAoaCViN0urgnMz9bnLmPbN05F8U0xgFiznsDQfkOSEIjfEQgA=w1000-h1000-k-no,-7.5606107,110.8486943
ORNITO CAFE & CO-WORKING SPACE,4.7,488,"Jl. Kartika Jl. Ngoresan No.8, Jebres, Kec. Jebres, Kota Surakarta, Jawa Tengah 57126",Coffee shop,Rp 25–50K,25000,50000,10.00 am–11.00 pm,Tidak Buka 24 Jam,Ya,Ya,Drive-through,Delivery,https://lh3.googleusercontent.com/gps-cs-s/APNQkAHSoxbPKRC8uXWv2Sv5QdwCkqJwinl-2pZWJ9mCPacX0ufmP_LFkmdZ-Im17notOCt2pZeUPKXP7VNiesSFJh1Z-QjcIK5SrBJiU347aCW0C31YQfLbk2uxGbZ-xRT5KPsxVZ1ByMnTj8-K=w1000-h1000-k-no,-7.5544804,110.8592454
East Side Coffee and Eatery,4.6,756,"Jl. Ir. Sutami No.21, Jebres, Kec. Jebres, Kota Surakarta, Jawa Tengah 57126",Coffee shop,Rp 25–50K,25000,50000,10.00 am–12.00 pm,Tidak Buka 24 Jam,Ya,Ya,Takeaway,Delivery tanpa kontak,https://lh3.googleusercontent.com/gps-cs-s/APNQkAFEHwLKjlZHN2Um5e-hx5TfhsYdoDWD64pL0n6f303gTXpwjnskdnetW7OVsmd_7S8OP9usRYsBJsquCxZkWY9EOBmj0v-37yHRZVaTMvUJtkr4Of9SvmpsjREOLozzlTKEempW=w1000-h1000-k-no,-7.5606885,110.8491982
Cotta Coffee Solo Safari,4.7,26,"Solo Safari Lobby Area, Jl. Ir. Sutami No.109, Jebres, Kec. Jebres, Kota Surakarta, Jawa Tengah 57126",Coffee shop,Rp 25–50K,25000,50000,8.00 am–4.30 pm,Tidak Buka 24 Jam,Ya,Ya,Takeaway,Tidak diketahui,https://lh3.googleusercontent.com/gps-cs-s/APNQkAGuvw9xII80VjPzo-lCeYQ-RCuHVKQvydadxhUrZC56FEXP8dJnuidd3i_K1rn1Sd-mxHA_IFn645hkJU4SEe58uHwMaTz-F9N6_Jnr-YGLhhCoh9adNYWuhyegqWJ2OoLiJ4V1MA=w1000-h1000-k-no,-7.5645596,110.858296
Nakama Coffee & Eatery | Solo,4.6,543,"Jl. R. M. Said No.134, Punggawan, Kec. Banjarsari, Kota Surakarta, Jawa Tengah 57132",Coffee shop,Rp 25–50K,25000,50000,9.00 am–10.00 pm,Tidak Buka 24 Jam,Ya,Ya,Takeaway,Delivery,https://lh3.googleusercontent.com/gps-cs-s/APNQkAGTDPZ5zgBoa6KhmcaCBKjcUmLa4yjBBvlWDqrtwC7t5toO4uskEZoi8meq_qt56FtbHuniR9GCghCO0Kw-rLZIhSQx5KybsHdjxSzZwhU5b5Z-MMMApsjR8CByJG2gmqk00Qjz=w1000-h1000-k-no,-7.5608877,110.8176685
28 Coffee Widuran Solo,4.7,373,"Jl. Sutan Syahrir No.42c, Kepatihan Wetan, Kec. Jebres, Kota Surakarta, Jawa Tengah 57129",Coffee shop,Rp 25–50K,25000,50000,,Buka 24 Jam,Ya,Ya,Takeaway,Tidak diketahui,https://lh3.googleusercontent.com/gps-cs-s/APNQkAHPxtYcPYTTQ1f3MFbYFuQbdnGAMT8KvZ0YkruLDIaRzi9ALxlOxCVG58TcAvB6AJ2wqSUsZBzXKww26B_Bkf8vtQza6JUnX3qIxwFmImo-o85RL31c8DhdC0oBwJtUb0G4ZndhIgZFX8Ls=w1000-h1000-k-no,-7.5654737,110.8309016
UNS Corner,4.4,74,"Gedung BRI UNS Corner, Jl. Ir. Sutami No.36a, Jebres, Surakarta City, Central Java 57126",Coffee shop,Rp 25–50K,25000,50000,8.00 am–9.00 pm,Tidak Buka 24 Jam,Tidak,Ya,Takeaway,Tidak diketahui,https://lh3.googleusercontent.com/gps-cs-s/APNQkAHvfxEcsV4lmqqn5BHaS4JnzA4c7O7zWlMFRTl6fXpxFiBNNuSqdP3jioKHU1CMBUvROHjs2YaYOefHnUqZNo9KAPY3sAq50RpgOb0aYdHNWzAcUsyN26ucgAN1BsRZgXzVMvQb=w1000-h1000-k-no,-7.5574312,110.8572613
28 Coffee Solo,4.7,744,"Jl. Gajahmada No.10, Timuran, Kec. Banjarsari, Kota Surakarta, Jawa Tengah 57131",Coffee shop,Rp 25–50K,25000,50000,,Buka 24 Jam,Ya,Ya,Takeaway,Delivery,https://lh3.googleusercontent.com/gps-cs-s/APNQkAGFGUGLqV2E7dIi1-AFPEHaxNgjveAR0F3EWDIqOmXtckCLQ4eJn7TyQAfqBhm_fLDvXtiDdAGbQ8RUkWhX1r4CTj8Igu2p39AjIdyy-2rJHA4gEwH32z8qqhr8OqDIk5bI7lsR2ju_C-N0=w1000-h1000-k-no,-7.5685413,110.8174766
Setulus Koffee,4.8,386,"Jl. Guruh No.4, Jebres, Kec. Jebres, Kota Surakarta, Jawa Tengah 57126",Cafe,Rp 25–50K,25000,50000,8.00 am–12.00 am,Tidak Buka 24 Jam,Tidak,Ya,Takeaway,Tidak diketahui,https://lh3.googleusercontent.com/gps-cs-s/APNQkAEcuJT0pXVDTuSZf_2xqI8XYgpPrXomryN5a74-y_ChNFwM5NYHXMyFD7c8-aKvRRSDaJqQNE-2G86ssKgkNLwLfpu_3LgfgJtwjfvP0p69w9fflHrDnk-g3pIfdz1sNUspicIG=w1000-h1000-k-no,-7.5604583,110.8496267
Blue Doors Solo,4.8,668,"Jl. RE. Martadinata No.15, Sudiroprajan, Kec. Jebres, Kota Surakarta, Jawa Tengah 57121",Coffee shop,Rp 25–50K,25000,50000,6.00 am–8.30 pm,Tidak Buka 24 Jam,Ya,Ya,Kerbside pickup,Delivery tanpa kontak,https://lh3.googleusercontent.com/gps-cs-s/APNQkAEp-WxhhmiG0vUZYEm4DOzHCTePGjAbgHOvQbon5QNTfrrOqNv97UJ4ePzHlbZSx4cVxHVrcjdESRYuSCQTG3w8UPl9MShKcE-ILqc5TejQkuBlGZDqu4oU0wxZ-Y6IAC2u8W_KoUoREL1D=w1000-h1000-k-no,-7.5698231,110.8325922
Paseban - Coffee & Gallery,4.8,233,"Depan Rektorat ISI Surakarta, Jl. Petir, Jebres, Kec. Jebres, Kota Surakarta, Jawa Tengah 57126",Coffee shop,Rp 25–50K,25000,50000,9.00 am–10.00 pm,Tidak Buka 24 Jam,Tidak,Ya,Takeaway,Delivery,https://lh3.googleusercontent.com/gps-cs-s/APNQkAFiZ66GcsjQ7tSpC8bvzXiQdpyTadOEJgp8urlt1mLgzShLbXKG9exiDR0DGBg0DyzwrrLxkGzVOTjiIQgbbokyrGwBMurZANfBpU-2eYhhdqIOrZFZeY4MsgZ5CBx630N4goBG=w1000-h1000-k-no,-7.5583412,110.8521691
Soliz Coffee & Kitchen,4.8,168,"Jl. Raya Sragen - Solo No.14, Turisari, Ngringo, Kec. Jaten, Kabupaten Karanganyar, Jawa Tengah 57772",Coffee shop,Rp 25–50K,25000,50000,11.00 am–10.00 pm,Tidak Buka 24 Jam,Tidak,Ya,Takeaway,Delivery,https://lh3.googleusercontent.com/gps-cs-s/APNQkAHTRbUhLVdW1kg2FDKmCGNGsqT9-aI6F9K1L_mCDsGDnceqj4PItIQOtXZOlvgQIdYbw8MubXwNK54NzY45qtk4Vjr44GgDHdOncxzLO8oaPjUP6Bu0gOFX7iwRGmUxyRjb-WhoDA=w1000-h1000-k-no,-7.5667954,110.8749781
Ono solo coffee,4.7,2144,"Jl. Diponegoro, RT.0/RW.0, Kep, Keprabon, Kec. Banjarsari, Kota Surakarta, Jawa Tengah 57131",Restaurant,Rp 25–125K,25000,125000,7.00 am–11.00 pm,Tidak Buka 24 Jam,Tidak,Ya,Takeaway,Tidak ada delivery,https://lh3.googleusercontent.com/gps-cs-s/APNQkAEeubV_Ndb6TKB3l3d09X1NZyvGErnWTkiXNtDyW85jVtm0a6QRgE1aDE3Z4PNYU4Xuu2oDsC-WwvLLmkpjkBxGxteWiw25mcKilXt8sFn27qth0jJvBFKw064dQLO1KH2bB-7O=w1000-h1000-k-no,-7.5695655,110.8222396
Slari Coffee,4.7,725,"Slamet Riyadi St No.111, Kemlayan, Serengan, Surakarta City, Central Java 57151",Coffee shop,Rp 25–50K,25000,50000,7.00 am–12.00 am,Tidak Buka 24 Jam,Ya,Ya,Takeaway,Tidak diketahui,https://lh3.googleusercontent.com/gps-cs-s/APNQkAFk4xnWVeP0edYxaHwCXNcTo-nPRaq4aeeYucO0QFwKe5y4IHo73rVp1LrvHv_O_Jv_4lLCt2WGcaekckTz6B7kXhq5dbblz5P9ViP6GO3RzNIixsNdN5IG9qnBBGEZk-2NFMym13cUBkDY=w1000-h1000-k-no,-7.5710319,110.8239234
Nalla Coffee,4.7,474,"Jl. Gajahmada No.133, RT.05/RW.01, Punggawan, Kec. Banjarsari, Kota Surakarta, Jawa Tengah 57132",Cafe,Rp 25–50K,25000,50000,8.00 am–10.00 pm,Tidak Buka 24 Jam,Ya,Ya,Takeaway,Tidak diketahui,https://lh3.googleusercontent.com/gps-cs-s/APNQkAEmcEesFkf1cXcYPu_K0lYU1kyiEpIL40-Gu8bcXJ5nkrZEXDvWAlaC364_WJXMT4vDk8QFeV0J0l7KTw5iCDO4o3BcJfe2q2RQ12C5qXstP3VEaiFIRvg6SOgn-FSLRs1lPork=w1000-h1000-k-no,-7.5592043,110.8199674
"Antarakata Coffee, Solo",4.6,474,"Jl. Moh. Saleh Wedisastro No.2A, Setabelan, Kec. Banjarsari, Kota Surakarta, Jawa Tengah 57139",Cafe,Rp 50–100K,50000,100000,8.00 am–11.00 pm,Tidak Buka 24 Jam,Ya,Ya,Takeaway,Delivery tanpa kontak,https://lh3.googleusercontent.com/gps-cs-s/APNQkAGcMdRsaVQ3nxG-4MublLJyJiwLGfVRcjCa5PlJ_UWIehyfrBD667YdxvZWECBKJ8_ktf_1frjITbAtcH-xml_5DfU0dLTqfMBqepToKxEUU1uFrneZ01krBE_D-wPoj-GvQZ0tGbYufNA=w1000-h1000-k-no,-7.5626224,110.8284839
Socielle Espresso & Dine,4.8,1655,"Jl. Moh. Yamin No.181, Tipes, Kec. Serengan, Kota Surakarta, Jawa Tengah 57154",Cafe,Rp 50–75K,50000,75000,8.00 am–12.00 am,Tidak Buka 24 Jam,Ya,Ya,Takeaway,Tidak diketahui,https://lh3.googleusercontent.com/gps-cs-s/APNQkAHI7wVl05pSXVxRYIPEc6yOX8lblSvTr0zK0gP75_JGSF6gLVbIUR3YBmQRsAukPCgsaaertv6I2Y3b7fH0cgVB7Tb6hcN6iidPPlA8TONsIre8UuUV8bRSm7dskgnqH8yh4wi7eA=w1000-h1000-k-no,-7.5752687,110.8106944
Butler Coffee Boutique,4.7,1264,"Jl. Ronggowarsito No.171, Timuran, Kec. Banjarsari, Kota Surakarta, Jawa Tengah 57131",Coffee shop,Rp 25–50K,25000,50000,7.00 am–4.00 pm,Tidak Buka 24 Jam,Tidak,Ya,Takeaway,Delivery tanpa kontak,https://lh3.googleusercontent.com/gps-cs-s/APNQkAHeWPJWPiKvbTfR-vyAQqL4ShMwVeVyihHbxaitnu8J246wYx8p9pJF5_R7cBaajXnj5w51XOC7YMKcgZxo4hr99I5J8Qrk6wh1tg92GBZpjZ6wQxXv-2sLsGqXf0oZEY-d8IYD=w1000-h1000-k-no,-7.5655597,110.815536
Sociallatte coffee & eatery,4.7,548,"Jl. Mawar No.7b, RT.4/RW.5, Mangkubumen, Kec. Banjarsari, Kota Surakarta, Jawa Tengah 57139",Coffee shop,Rp 25–50K,25000,50000,7.00 am–11.00 pm,Tidak Buka 24 Jam,Ya,Ya,Takeaway,Tidak ada delivery,https://lh3.googleusercontent.com/gps-cs-s/APNQkAGI704plFMkCssplDneJqU67DbIqF5QN9zUd1k0ujdIkD71uK23TChaHiOCYGrr6K4LA2niQhdb_8JjL4SRoVdyf43Mm1g-qU_Qeekn1400ycfz8G9ieeIDYmzY0cWgyTifkguEWgRYBWLh=w1000-h1000-k-no,-7.5626662,110.8087634
Fellowship Coffee and Bites,4.9,148,"Jl. Ir. Juanda No.210, Sewu, Kec. Jebres, Kota Surakarta, Jawa Tengah 57129",Coffee shop,Rp 1–25.000,1000,25000,9.00 am–12.00 am,Tidak Buka 24 Jam,Ya,Ya,Takeaway,Delivery,https://lh3.googleusercontent.com/gps-cs-s/APNQkAH6U5bMkC-8NNadfgJGbbKDB-E1QfkXgTVMNwNBpGVQSFe5Bzm6EI66zkOC6tx65mllmQxol7ePT5TBk4tEV3t2pgVBehcu9KsG7JRTnUZGLUj2Ne2hSJcP_EMFHCvoa9b111Y=w1000-h1000-k-no,-7.5708804,110.8459427
Kooken Cafe & Resto,4.7,493,"Jl. Wijaya Kusuma No.30, Kauman, Kec. Ps. Kliwon, Kota Surakarta, Jawa Tengah 57112",Cafe,Rp 25–50K,25000,50000,8.00 am–7.00 pm,Tidak Buka 24 Jam,Ya,Ya,Takeaway,Delivery tanpa kontak,https://lh3.googleusercontent.com/gps-cs-s/APNQkAHQKvC0sdRPJcUxYj6oC8DOANYmlBgvim1FqEwlPh6eHOexk0MM-OEoYA2kLnl9_WFe83-tbIqcLjgw6jaWHCNQlS5nz6TmjaFY7MSILlHQ_s-7DMapJbJChSARvj60eSQdiP9sJg=w1000-h1000-k-no,-7.5726322,110.8255503
Natahati Coffee & Eatery,4.6,1677,"Jl. Punggawan No.6, Punggawan, Kec. Banjarsari, Kota Surakarta, Jawa Tengah 57132",Cafe,Rp 50–125K,50000,125000,8.00 am–10.00 pm,Tidak Buka 24 Jam,Tidak,Ya,Takeaway,Tidak ada delivery,https://lh3.googleusercontent.com/gps-cs-s/APNQkAEJ4X3YxRE8JdyzCg3_ttGuhsA0HimoaFfMggzu6y5P0iftlMWnL9hywK0upn8ibn4WhfSIg_PAY7y1onyee2BxY_UD5VGg7K3trY4Kw9nt6J5XyFlXfyl6dQDCBhy8De1SQVezvQ=w1000-h1000-k-no,-7.563003,110.818262
Kopi Nako Solo,4.9,2934,"Jl. Kalitan No.1, Penumping, Kec. Laweyan, Kota Surakarta, Jawa Tengah 57141",Coffee shop,Rp 25–50K,25000,50000,7.00 am–3.00 am,Tidak Buka 24 Jam,Ya,Ya,Kerbside pickup,Delivery,https://lh3.googleusercontent.com/gps-cs-s/APNQkAF8TJOrQZAEcaC4Kt1hb7V-k6lvnmGb6JU1PBeqbNggpBtNrejAooo7fvHPzaXxKP9z6Ych25JvvdaCiHPW8iXEnCLaPnX60ZtfsnjD3ES2bnPbdEpZc_xWZq7SBHo7IF_dcNMrzVbcYsBp=w1000-h1000-k-no,-7.5654618,110.8085083
Sekutu Kopi,4.6,2854,"Slamet Riyadi St No.116, Keprabon, Banjarsari, Surakarta City, Central Java 57151",Coffee shop,Rp 25–50K,25000,50000,6.00 am–11.00 pm,Tidak Buka 24 Jam,Ya,Ya,Takeaway,Delivery,https://lh3.googleusercontent.com/gps-cs-s/APNQkAHytudLKDjmz_sALHqwYVkQtmdExFbeatJfb1den4AHTHssvJPd6G5UnrSF_uVdE616vnxsqgXOZVwAmP7LEnCgsBTvZ9VUMcK_C39Y2JwyTqc4Xr8Cyty_GfOw-Hs12oIeO6bGlw=w1000-h1000-k-no,-7.5703194,110.8227132
Coffee Nest Solo,4.6,129,"Jl. Kartika no.2, Jl. Ngoresan No.RT02/21, Gulon, Jebres, Kec. Jebres, Kota Surakarta, Jawa Tengah 57126",Coffee shop,Rp 1–25.000,1000,25000,7.00 am–9.00 pm,Tidak Buka 24 Jam,Ya,Ya,Takeaway,Delivery tanpa kontak,https://lh3.googleusercontent.com/gps-cs-s/APNQkAH0S1W5WBIb4PdIhpwsJRQj1jjJZASmgpqHwShjznhmiHJT57gTgCLwH2PbW1zEMIb_gqFo4XgKrpu6sbZnVej1VjZPYX2vemxIE-CFM-g2uaw0syxvTDLkhgDgk22wZtFqGaSZ=w1000-h1000-k-no,-7.5521661,110.8624151
Couvee - Solo,4.7,1161,"Jl. Prof. DR. Supomo No.68, Punggawan, Kec. Banjarsari, Kota Surakarta, Jawa Tengah 57139",Coffee shop,Rp 25–50K,25000,50000,8.00 am–12.00 am,Tidak Buka 24 Jam,Ya,Ya,Takeaway,Delivery tanpa kontak,https://lh3.googleusercontent.com/gps-cs-s/APNQkAG1llLPOBbcTEHIixBhxkznvpVzDR0_HmNJrMoRU25H2Qfo9zsaDt2oLL0PxWeWVzySM_gAdC9RHdJPOaLcs8oXV2dOzrTq-IT4znSx2TOWJQvJ7OjP75pWaPUmvSJLR7VWjIZJDxjfh347=w1000-h1000-k-no,-7.5611877,110.8153005
MAJAPAHIT COFEE & EATERY,4.8,1334,"Jl. Majapahit IV No.8a, Nusukan, Kec. Banjarsari, Kota Surakarta, Jawa Tengah 57135",Coffee shop,Rp 25–50K,25000,50000,12.00–11.00 pm,Tidak Buka 24 Jam,Ya,Ya,Takeaway,Tidak diketahui,https://lh3.googleusercontent.com/gps-cs-s/APNQkAGolrjAHcvileoJgldxRL2vDVCDnPDaol2qzIpIVok2C_ciWlhuKfAq2NaKtsOXvDn6RHpMSVoQ3t3CgypVfrKJ62938Ul3mCgdBqjf4wcSa3GwiKGYAVdQ1_n-4I-C06udOZ9fOA=w1000-h1000-k-no,-7.549002,110.8223599
Arsa Coffee & Library,4.6,233,"Jl. Kartika, Jebres, Kec. Jebres, Kota Surakarta, Jawa Tengah 57126",Coffee shop,Rp 25–50K,25000,50000,,Buka 24 Jam,Ya,Ya,Takeaway,Tidak diketahui,https://lh3.googleusercontent.com/gps-cs-s/APNQkAFGfabCF_BpsHSeisllJjVv9aDH6DWSApNW-UL--ODinGFPrr-yA_Bt0VS5zCdhSVh_h8-gA6M3Y5m1WS772rqLdjRYRBErbeU-TfFGw34uKxOVZ3aoz2z0waiXuYTRvLjonem4bg=w1000-h1000-k-no,-7.5526003,110.8617788
Holly Milk Cafe,4.5,164,"Jl. Agung Timur No.9a, Mojosongo, Kec. Jebres, Kota Surakarta, Jawa Tengah 57127",Coffee shop,Rp 1–25.000,1000,25000,10.00 am–12.00 am,Tidak Buka 24 Jam,Tidak,Ya,Takeaway,Tidak diketahui,https://lh3.googleusercontent.com/gps-cs-s/APNQkAHo6B_9haPHQ7fr7WJPX3VdxcvSCsDD0y1T-vHOvdRTOPQlqQNjt5X3ajYeqEdDo_QEZvef7EybiJ9vPlVSPgHFE5yFpex4UeDIXdUxwE80-IXiINyHt1uaupf8oobSM0mzDiuNCQ=w1000-h1000-k-no,-7.5485823,110.8583776
Cold ‘n Brew UNS,4.6,742,"Jl. Ir. Sutami No.104, Pucangsawit, Kec. Jebres, Kota Surakarta, Jawa Tengah 57125",Coffee shop,Rp 25–50K,25000,50000,7.00 am–1.00 am,Tidak Buka 24 Jam,Ya,Ya,Takeaway,Tidak diketahui,https://lh3.googleusercontent.com/gps-cs-s/APNQkAHJ9IDfWsjAKY-o1kxoX5E3-h3lFFjAKoqXjZOU1bdKhN9hf_UnNM_1ZCxd8ccWclyb9qK3Q_stBHJycKgJlIF3xsUieHxXf6sfD7iQ47NJd8VR5Ty_69nZdIT_DQo3OtRdpza9dA=w1000-h1000-k-no,-7.5643393,110.8547793
Seperdua Kopi,4.6,1076,"Jl. Suryo No.117A, Jagalan, Kec. Jebres, Kota Surakarta, Jawa Tengah 57124",Coffee shop,Rp 25–50K,25000,50000,7.00 am–11.00 pm,Tidak Buka 24 Jam,Ya,Ya,Takeaway,Delivery tanpa kontak,https://lh3.googleusercontent.com/gps-cs-s/APNQkAHKA1INN3LWktjuWoKUadjT7yVrMOalYLZLO6ZwqpZiTYNMe1Gv_y9u34_ZSlU2dShICl8JJiKHqtzCHJ9XP7X6F5QhpJz6GoOyq02DnTInpE9sXyQCPkjABMqkQt6rRChkhoU=w1000-h1000-k-no,-7.5654748,110.8430386
Ndalem Kartowikoro 1835 Coffee & Eatery,4.9,117,"Jl. Wijaya Kusuma No.9, Kauman, Kec. Ps. Kliwon, Kota Surakarta, Jawa Tengah 57122",Coffee shop,Rp 25–50K,25000,50000,10.00 am–6.00 pm,Tidak Buka 24 Jam,Tidak,Ya,Takeaway,Delivery,https://lh3.googleusercontent.com/gps-cs-s/APNQkAEioWb5HWWGRD76ndc4rV_lgLK_KhOL1yeDVisfvLSFkd0OccsrfFLlbsgeYz6MZgCG2cyGw9ahpfGGm2gmetFCK-UbH5eDbbwbo3BId9rklyGzcERLF19UC1PUHVqE_fQnzeVu=w1000-h1000-k-no,-7.5742561,110.82511
Blackbird Coffeeshop Honggowongso,4.8,783,"Jl. Honggowongso No.16, Sriwedari, Kec. Laweyan, Kota Surakarta, Jawa Tengah 57149",Coffee shop,Rp 25–50K,25000,50000,8.00 am–11.30 pm,Tidak Buka 24 Jam,Tidak,Ya,Takeaway,Tidak ada delivery,https://lh3.googleusercontent.com/gps-cs-s/APNQkAHk0UxtUHl6aYJeXF_s_iZnE0jyVnJorw57Xee6sNGdf1cjz18B3rS66lb8DblTG2vH2yQZB7tsAPnIL59_kOVBNhx1J82zFUuu2IZ27FC4mSdv6yCQkZxjdEeJNCKtBNxnz_Y0=w1000-h1000-k-no,-7.5697915,110.8169718
Pixel Coffee & Kitchen,4.6,1185,"Jl. Satrio Wibowo No.35, Purwosari, Kec. Laweyan, Kota Surakarta, Jawa Tengah 57142",Coffee shop,Rp 25–50K,25000,50000,8.00 am–11.00 pm,Tidak Buka 24 Jam,Tidak,Ya,Kerbside pickup,Tidak diketahui,https://lh3.googleusercontent.com/gps-cs-s/APNQkAHLaWl9pat5CVATRexvcSlPq5mcZKqeZCQVe3GnG_CX18ESis-EpBiQrY5z5FNYyDOXo_pO2Oh0jkaSUWnA6pX8-NcfooEjHoPjXpAvFo3btY9K74cMioz2dO4QS3_qY-DbU4qd=w1000-h1000-k-no,-7.5653154,110.8020702
Cold 'N Brew - Solo Balapan,4.4,1470,"Jl. Hasanudin No.129, Punggawan, Kec. Banjarsari, Kota Surakarta, Jawa Tengah 57132",Coffee shop,Rp 25–50K,25000,50000,,Buka 24 Jam,Ya,Ya,Kerbside pickup,Delivery tanpa kontak,https://lh3.googleusercontent.com/gps-cs-s/APNQkAHFmf6XRvX354A0jzGhJt-S_6nDMV0I26ga5Kq55EPTRwsPha_WRBlUe0MYSNyoiT5iaoOtvEKnc1OEoKsi3QEnPf_vqPAbKPwfQxBftp-jFO2RAb250tJ97dIOeZUr_G17yFFVAw=w1000-h1000-k-no,-7.5584055,110.820104
The Hidden Swargi Coffee Roastery,4.5,1926,"Jl. Jageran No.1, RT.003/RW.001, Ketelan, Kec. Banjarsari, Kota Surakarta, Jawa Tengah 57132",Coffee shop,Rp 25–50K,25000,50000,7.00 am–12.00 am,Tidak Buka 24 Jam,Ya,Ya,Takeaway,Delivery,https://lh3.googleusercontent.com/gps-cs-s/APNQkAE-L_nZMvbKFOOsJqzwPumU6ugBXKw7JR4AiYn6D4rNYu7whv2UL2TdP2pnkq8k04yQhGTSXJXl5Uqml7GafHvQZS7BLfxMtAQm4NkpIoePDMO9Xbu3DMHsxQex0BwVlpiPOH8nrg=w1000-h1000-k-no,-7.5631751,110.8212012
Madbottle Coffee,4.6,779,"Jl. RE. Martadinata No.83, Sudiroprajan, Kec. Jebres, Kota Surakarta, Jawa Tengah 57121",Coffee shop,Rp 25–50K,25000,50000,8.00 am–12.00 am,Tidak Buka 24 Jam,Ya,Ya,Takeaway,Delivery tanpa kontak,https://lh3.googleusercontent.com/gps-cs-s/APNQkAEANIzYjgvntZ54ZwDIAdwgKBQcdG8EJ-yK7heNYCdb99T-0JYoHI8pL4dgERpYG5hfh9cxqMAbFZ2HUbh3tmKuOxJmUtO5xdQac7Emk7nI-1Ypad_no7V_3Mg5xjk6k5_2UQkW=w1000-h1000-k-no,-7.5699425,110.8348085
Smartfolks Coffee Solo Kratonan,4.7,203,"Jl. Yos Sudarso No.141, Gajahan, Kec. Ps. Kliwon, Kota Surakarta, Jawa Tengah 57152",Coffee shop,Rp 25–50K,25000,50000,8.00 am–11.00 pm,Tidak Buka 24 Jam,Ya,Ya,Takeaway,Delivery,https://lh3.googleusercontent.com/gps-cs-s/APNQkAE37CvQEn8pRdDDjRnH5vjJOL8-gexZ75Qj4Yc_-pFPB0BCfaFQcZXBbKsm4vhkDeXHvAn01Sf-Nb48iCAuC11dvwq8PdYez_RXE40HRUhmf0O1zexePeMogtWKsKNWax8zRKg6RQ=w1000-h1000-k-no,-7.5763717,110.822474
Cold 'n Brew Veteran,4.6,2439,"Jl. Veteran No.136, Gajahan, Kec. Ps. Kliwon, Kota Surakarta, Jawa Tengah 57156",Coffee shop,Rp 25–50K,25000,50000,7.00 am–1.00 am,Tidak Buka 24 Jam,Ya,Ya,Takeaway,Delivery tanpa kontak,https://lh3.googleusercontent.com/gps-cs-s/APNQkAGchS753oEmIjOL_QtvxOeeBbm6FmpDpWIjKjBJ4zZUCKX9ceLDe3npYP_blyjLr4r-x-t9nUTm-1dlJdX7Pb7_V2Yu8wiP9VYoCQHFdmXGFrJHxJ1XcJFcR1NzAr7gY1AXMlIo=w1000-h1000-k-no,-7.582122,110.8209122
Kedai Chawan Solo,4.6,537,"Jl. Sutan Syahrir No.70, Kepatihan Kulon, Kec. Jebres, Kota Surakarta, Jawa Tengah 57129",Coffee shop,Rp 25–50K,25000,50000,7.00 am–9.30 pm,Tidak Buka 24 Jam,Tidak,Ya,Takeaway,Tidak diketahui,https://lh3.googleusercontent.com/gps-cs-s/APNQkAELWCmO-kAhAbA_HE2Nfer8trsxpsMs36bakSiZu9ijjwCTx4_lZEMq8qWVgEKaeqRLwcW3ZnucvzSNkbU5oaQn0BTH8YOrYuAItR9zZtxIrSpqyMDS3PPW-Vs9dEPcmoZLYgA=w1000-h1000-k-no,-7.5652886,110.8303303
TETRA Coffee & Eatery - Solo,4.7,1273,"Jl. Slamet Riyadi No.560, Jajar, Kec. Laweyan, Kota Surakarta, Jawa Tengah 57146",Coffee shop,Rp 25–50K,25000,50000,,Buka 24 Jam,Tidak,Ya,Takeaway,Tidak diketahui,https://lh3.googleusercontent.com/gps-cs-s/APNQkAF4pkIz7XwDsE6GapS2NWDUf41JPw7i2eSd0E-NbMtSetxDojFRApEi1o9sjrQUGP2MiRLY6FhRJspIDVaZ3czeGiK4SfMCykq8kWWcnEP8C_yOsYT2w_lfpagn9kreZB5N5zHFL4q7An8=w1000-h1000-k-no,-7.5591014,110.7866588
DNA SPOT CAFE,4.6,559,"FR9H+5HQ, Jl. Jaya Wijaya, Kadipiro, Kec. Banjarsari, Kota Surakarta, Jawa Tengah 57136",Coffee shop,Rp 25–50K,25000,50000,10.00 am–11.30 pm,Tidak Buka 24 Jam,Ya,Ya,Takeaway,Delivery,https://lh3.googleusercontent.com/gps-cs-s/APNQkAHGGEvmVO2TtSntGpDz-K80ccTi1W108YmDEOMGB01YAdHntsDEh3Qxi8Fv3B3dRmN3iif7PM-GqLG6qqd99pxNVTqjxnbwK6YCq5NbjEdPcY_TY_Er-IIKbMMif74PPmxic9Ct=w1000-h1000-k-no,-7.5320557,110.828981
Eighteen Grounds Coffee,4.6,689,"Jl. Honggowongso No.78G, Panularan, Kec. Laweyan, Kota Surakarta, Jawa Tengah 57149",Cafe,Rp 25–50K,25000,50000,7.00 am–12.00 am,Tidak Buka 24 Jam,Ya,Ya,Takeaway,Tidak diketahui,https://lh3.googleusercontent.com/gps-cs-s/APNQkAGC2l2KT68WUeQ8N-0_sCGVsfM52jy4v_1DjQIjUH9-Hcx-l4lujO9CvJrcvF0wSImPOBkWxSWuUn1HJm1_o_oCZVNM80I8pfnsStNn6qievSYmIYhOhxzZem6FrHiF9G1ONKE=w1000-h1000-k-no,-7.5737197,110.8161403
Zarcoon,4.4,238,"Slamet Riyadi St No.164, Timuran, Banjarsari, Surakarta City, Central Java 57131",Coffee shop,Rp 25–50K,25000,50000,7.00 am–2.00 am,Tidak Buka 24 Jam,Tidak,Ya,Takeaway,Tidak diketahui,https://lh3.googleusercontent.com/gps-cs-s/APNQkAHrpoqs9eZCXOjsBsmqYhQU8a6NkQUO3AMeX7jTRUjoM_r3CJDF5caG_4K2mYn2--3RZSrC0glH7QQoK3V-u8R59Pr5oAZ3B0QMqHwB8yoz797K6THwgfanlH5I2ET_2D2-oceD5G67BkCv=w1000-h1000-k-no,-7.5697351,110.8209378
Belikopi. Solo UNS,3.7,122,"Jl. Kartika No.35, Jebres, Kec. Jebres, Kota Surakarta, Jawa Tengah 57126",Cafe,Rp 1–25.000,1000,25000,8.00 am–10.00 pm,Tidak Buka 24 Jam,Ya,Ya,Takeaway,Delivery tanpa kontak,https://lh3.googleusercontent.com/gps-cs-s/APNQkAFbePZyEWZOpRnpEzdaWVIKLhURvKohLGgfvq5i1JIILB_iY8ckwCngNvMGmA9awHgbLUOQbNvcJV6pVn2dWkQ75kvAFhb7UeW-YNRtFZM65bhDHmuAiOTig_gAHnIOJ4e8K9u3PQ=w1000-h1000-k-no,-7.5531894,110.8613336
Adler Kaffee,4.6,823,"Jl. Mertolulutan No.30, Purwodiningratan, Kec. Jebres, Kota Surakarta, Jawa Tengah 57128",Restaurant,Rp 50–75K,50000,75000,9.00 am–10.00 pm,Tidak Buka 24 Jam,Tidak,Ya,Takeaway,Delivery tanpa kontak,https://lh3.googleusercontent.com/gps-cs-s/APNQkAGOVgnPkOw2nhcMIps6JjIuZEZAnAYlWQZeZMPjidzMUuLbdYTSb5-tHSRk4Y2TA-OuxSFr7MWGuxGnUSpDVX-JN4gukcJNmEEaxwx-t-rdhZqTzQc3PpwcyYzpw5JHTV9APFg1Cq1kpioH=w1000-h1000-k-no,-7.5664466,110.8370597
Kalagyan Coffee,4.6,452,"Slamet Riyadi St No.11, Kauman, Pasar Kliwon, Surakarta City, Central Java 57122",Coffee shop,Rp 25–50K,25000,50000,10.00 am–8.00 pm,Tidak Buka 24 Jam,Tidak,Ya,Takeaway,Tidak diketahui,https://lh3.googleusercontent.com/gps-cs-s/APNQkAHGkEIceakExchM1NA7yctjt8jVP6V8sjHtIIOZ6CJdOl5T9hor_b1lkq3OnM7xY_psXe23tPYjxNLJnkGaeSIUkImHyw2ADtSgGCLhPS_fKxUm32iXbVwXu1r0ao8L6mFHQG5B=w1000-h1000-k-no,-7.5721453,110.8278007
La Luna Coffee & Eatery,4.9,632,"Slamet Riyadi St No.102, RT.03/RW.02, Keprabon, Banjarsari, Surakarta City, Central Java 57151",Cafe,Rp 25–50K,25000,50000,-,Buka 24 Jam,Ya,Ya,Takeaway,Tidak diketahui,https://lh3.googleusercontent.com/gps-cs-s/APNQkAGfo7_8hcDrg-6NtLhwBeiruXnB47bw66VUI4Lh_6IqWHnsjEskCf4oN7RwrJW1Hpqmi8zYegMIose2L7n6euxzlCpaQhjjyM1VuwyRpZyyIU9-LWixAdcUGy9ZxcafMx2Uoeg2mymzBSa9=w1000-h1000-k-no,-7.5705254,110.823517
deLuckz Solo,4.5,93,"Jl. Gatot Subroto No.160, Jayengan, Kec. Serengan, Kota Surakarta, Jawa Tengah 57152",Coffee shop,Rp 5–38K,5000,38000,10.00 am–8.00 pm,Tidak Buka 24 Jam,Ya,Ya,Takeaway,Delivery,https://lh3.googleusercontent.com/gps-cs-s/APNQkAFeDDVE_GuZpFSVXlPsL8lpcllek8HjIL1o0KFQGgDyAMzlzsZAqQjQqPQKDrlvQ55-miQEVbUAqaXkaPkA9u8wSR_EPmtffSJh_JkhBOvhL42FexsOAu4DRg-6HtkRyV7hgdnwig=w1000-h1000-k-no,-7.5763105,110.819776
Cendhono Coffee,4.2,419,"Gedung Barat, Jl. Jend. Urip Sumoharjo Lantai 2, Kepatihan Wetan, Jebres, Surakarta City, Central Java 57129",Cafe,Rp 25–50K,25000,50000,9.00 am–12.00 am,Tidak Buka 24 Jam,Tidak,Ya,Takeaway,Delivery tanpa kontak,https://lh3.googleusercontent.com/gps-cs-s/APNQkAFQClHbWhDqS3m8V3bC80rgSlpnB1u-xGd5xiKeH1FqYhimzOoKbE5BdI9DCz_dOIYjIwXIhm1ykHJMHYCWNU3bZ0YMl2-0NslXBks9whTM9wHGyaWjAUYNo0RPMVsFDfphG1cO-Q=w1000-h1000-k-no,-7.5690731,110.8312969
KAVELOKKA,4.4,606,"Slamet Riyadi St No.151, Kemlayan, Serengan, Surakarta City, Central Java 57151",Coffee shop,Rp 25–50K,25000,50000,-,Buka 24 Jam,Tidak,Ya,Takeaway,Delivery,https://lh3.googleusercontent.com/gps-cs-s/APNQkAENxXLOX8aG8-faZguind27sS9z-iGk5FUr0s0MzBUgH4wHbro9B7mmsYKW-GiXtz1OAFwcvanFQXEi_cczWRPQFUVnQfmOzJzkWeqLyaocuvvBVk_SpJx6Ejmoy_ybKriRQFhY=w1000-h1000-k-no,-7.5706465,110.822684
A&M Co. Solo,4.7,5081," Jl. Abdul Rahman Saleh No.1, Setabelan, Kec. Banjarsari, Kota Surakarta, Jawa Tengah 57139",Restaurant,Rp 50–150K,50000,150000,7.00 am–12.00 am,Tidak Buka 24 Jam,Ya,Ya,Takeaway,Delivery tanpa kontak,https://lh3.googleusercontent.com/gps-cs-s/APNQkAEEUaCaHWEDu4kkqJUN8xuYsOGdj1KXhYov9QjmPW30JoFv3r89m9d9A6E1K-YsU-haFI_r8ii0Lg3oiJNo0HOnNF5Ff0HupxqXX4rPT36Tl2LBt3RRGmSgd2vziUK6YOjY2fNp=w1000-h1000-k-no,-7.5592745,110.8273307
Joxs Coffee,4.4,832,"Jl. Imam Bonjol, Keprabon, Kec. Banjarsari, Kota Surakarta, Jawa Tengah 57313",Cafe,Rp 25–50K,25000,50000,9.00 am–11.00 pm,Tidak Buka 24 Jam,Tidak,Ya,Takeaway,Delivery,https://lh3.googleusercontent.com/gps-cs-s/APNQkAHJYBhx7G8zqgXsgZ_ZwHY6lSCOXXo3mJEmCUy28xwTxnShR_QW6ZOwnaJfa2gqfIamA_iRPqjos2VqSXCk5nIMTVuGIxu2dKqid9lWeQaGfQHwtwG9zB74YPQkmAoUQtzWZX5D=w1000-h1000-k-no,-7.5690808,110.8262073
LAJU KOPI CEPAT SOLO,4.4,620,"Slamet Riyadi St No.257, Sriwedari, Laweyan, Surakarta City, Central Java 57141",Coffee shop,Rp 25–50K,25000,50000,8.00 am–11.00 pm,Tidak Buka 24 Jam,Tidak,Ya,Takeaway,Delivery tanpa kontak,https://lh3.googleusercontent.com/gps-cs-s/APNQkAGUK3GgAEf-fy8XV6_VgbkqrrIn6Wyz_NQPyau-MJ1qmmM98PnLDnjrME5ejRl2-oIH-YYAUdOllnAsWi_sxidAu3r0ZNgv-nuqRNKWZBuOO3QtJJB742LnBZ_8kDjWkNmoMJE1EA=w1000-h1000-k-no,-7.5687431,110.8164641
Cafe Bukuku Lawas,4.6,747,"Jl. Guruh No.26, RT. 01, Ngasinan, Kec. Jebres, Kota Surakarta, Jawa Tengah 57126",Coffee shop,Rp 1–25.000,1000,25000,	3.00 pm–12.00 am,Tidak Buka 24 Jam,Ya,Ya,Takeaway,Delivery tanpa kontak,https://lh3.googleusercontent.com/gps-cs-s/APNQkAHjPXNnJwkLEunERQfHTVuKE-ev7Zs19-GUIub2nOBkIFL3sv-Bf-tIW-F34o4waxORb7UfBK-SFhOGE2XItFazqeI4jV8we9p9LkZr8LKKp7UMzrVCRFPG9AQJB9CJMSay3EUz=w1000-h1000-k-no,-7.5603928,110.8507825
Kelana Coffee and Eatery,4.6,1483," Jl. Menteri Supeno No.11, Manahan, Kec. Banjarsari, Kota Surakarta, Jawa Tengah 57139",Coffee shop,Rp 25–50K,25000,50000,	7.00 am–11.00 pm,Tidak Buka 24 Jam,Ya,Ya,Takeaway,Tidak diketahui,https://lh3.googleusercontent.com/gps-cs-s/APNQkAHL8en9O22eeeFZP3B_OJxTghiUnPfpqvLygQn7z0W60rKWNPhwY2spR1cYuZx3GQx9UyeQAscSg85WcrFcfBOpD7iGUOf1tgc0rgfEd4aiOb5WREdq-y59WyX57Pv94upIRmQGMw=w1000-h1000-k-no,-7.5546825,110.8073949
Meurdue Chocolate & Coffee,4.6,421,"Pasar Gede Gedung Barat, Jl. Jend. Urip Sumoharjo Lt.2, Kepatihan Wetan, Kec. Jebres, Kota Surakarta, Jawa Tengah 57129",Coffee shop,Rp 1–25.000,1000,25000,7.30 am–9.00 pm,Tidak Buka 24 Jam,Tidak,Ya,Takeaway,Tidak diketahui,https://lh3.googleusercontent.com/gps-cs-s/APNQkAHG_-SDZF1Di4btDjjqeF9o0ChUzO14cjWJ79alVh3GuqWlJTgWYP7a6kWjGCPkKFvEWiegsCQDJIYhszdxssvg0TIYCa6jGJq_X0soLLcgYincNnNEw1kh9-haKcTIXVNQLutA=w1000-h1000-k-no,-7.5686631,110.8313826
Kayu Manis Coffee & Steak,4.5,1123,"Slamet Riyadi St No.158, Timuran, Banjarsari, Surakarta City, Central Java 57151",Coffee shop,Rp 25–125K,25000,125000,8.00 am–11.00 pm,Tidak Buka 24 Jam,Tidak,Ya,Takeaway,Delivery tanpa kontak,https://lh3.googleusercontent.com/gps-cs-s/APNQkAGZAdmHRwxNYqwUIaHQGSMF08r-8VmNK1aFpQ-u3xINK1RH7kRWbo5d-f21A9g6MEmrufaFvBC3ijsBLkDQ5IqJeN9IpEBGW8j1NQJ40MzifAqeIWxljNL439vX4Ami_YRkNIIbyg=w1000-h1000-k-no,-7.5695938,110.8210576
Catniphora Cafe Solo,4.5,1259,"Jl. Depok No.1, Manahan, Kec. Banjarsari, Kota Surakarta, Jawa Tengah 57139",Cafe,Rp 25–50K,25000,50000,10.00 am–11.00 pm,Tidak Buka 24 Jam,Ya,Ya,Takeaway,Delivery tanpa kontak,https://lh3.googleusercontent.com/gps-cs-s/APNQkAGE3cBZLKL6GKtqRrUlojP5d1nO1jFFjMGEZk4NVfY-Stwub91ABizRwTO5uq7tst9mx75mawyYQCY5SfjNHeRB8NcmFZBt8H0Qm-ydjZHl5-aXVZWoAz2U7LUXH1Oioub5QYMp=w1000-h1000-k-no,-7.555068,110.8084552
FRACTAL URBAN CLASSIC COFFEE,4.8,375,"CRW6+9H4, Jl. Pelatuk I, Manahan, Kec. Banjarsari, Kota Surakarta, Jawa Tengah 57139",Coffee shop,Rp 25–50K,25000,50000,8.00 am–1.00 am,Tidak Buka 24 Jam,Tidak,Ya,Takeaway,Delivery,https://lh3.googleusercontent.com/gps-cs-s/APNQkAF3k--ALvurhBD20p3sTkXG-aZwtiuSyyqsEryCmDpdH-ZHJ4I3Z4m5E1QiBM2RD5mThrd5ryes6O-uZMDEn1VvfC1qLmFw4gELu0etDtRSNAFVw6HC4f-eJkEbUQho9fS_S-HRrk99Wn24=w1000-h1000-k-no,-7.5540962,110.8116255
Margi Coffee,4.9,1501,"CRJ8+9QG, Sriwedari, Laweyan, Surakarta City, Central Java 57141",Coffee shop,Rp 25–50K,25000,50000,8.00 am–1.00 am,Tidak Buka 24 Jam,Ya,Ya,Drive-through,Delivery tanpa kontak,https://lh3.googleusercontent.com/gps-cs-s/APNQkAGZqSD7UMOuFn7EhIJPa6FZx67edc0aJXVmOmoZeUHXE7VI6E70szmFNURNeZHzuVBx8lxJdm3wgnQj-hkhu4TQ3jKYluKEx_0J2-wLlSMPyBy2MYgR1sjKMcTmTlp2zmxJWCbD7g=w1000-h1000-k-no,-7.5690009,110.8169205
Bless Coffee,4.6,49,"Jl. Sutan Syahrir Widuran Solo No.88, Kepatihan Kulon, Kec. Jebres, Kota Surakarta, Jawa Tengah 57129",Coffee shop,Rp 5-20K,5000,20000,9.00 am–6.30 pm,Tidak Buka 24 Jam,Tidak,Ya,Takeaway,Tidak diketahui,https://lh3.googleusercontent.com/gps-cs-s/APNQkAHASXH89Ph63k18sOPfDc483eJZzNPMoW_lCfkw_7tNNBAkGOgTvf7ENikjc3PtInCPZ87IHID9HkdpBOvTXL1zUpGCaW4k2lRFhm5NyTPb1NGBACogPw5jtlpd4HD2FU3N0SMjyg=w1000-h1000-k-no,-7.5648587,110.8297949
Seperdua Kopi Kratonan,4.7,979,"Jl. Yos Sudarso No.233, Kratonan, Kec. Serengan, Kota Surakarta, Jawa Tengah 57153",Coffee shop,Rp 25–50K,25000,50000,7.00 am–11.00 pm,Tidak Buka 24 Jam,Ya,Ya,Takeaway,Delivery,https://lh3.googleusercontent.com/gps-cs-s/APNQkAFm5PtUj3Oxrvnhlc4bw4dp6XFGlwzjqqCKyJrvbSi71NVousO12ywAYMGC7jtmUzXkJ2flxckmHJbTeyufXomtESgn87ZAiDCA5IDmFfnUZ-aZ_wEtTZL7-gvYl3mHCxAVgBA=w1000-h1000-k-no,-7.5805547,110.8212193
Solo Kopi,4.6,2457,"Jl. Adi Sucipto No.31A, Kenaiban, Blulukan, Kec. Colomadu, Kabupaten Karanganyar, Jawa Tengah 57174",Coffee shop,Rp 25–50K,25000,50000,8.00 am–12.00 am,Tidak Buka 24 Jam,Tidak,Ya,Takeaway,Delivery,https://lh3.googleusercontent.com/gps-cs-s/APNQkAEYYkokAbcdPTk-6O1VIRz1-VE6yY7wKHz2bTg94ORqQozXKnLPgBlK8TwvEQQFG81OzBIEiNnNhsG1NZFIBVoGazMtl4Ky2i5yKymuxlPPQZBusSLkHy787Ql2EUAjnOfldqgQ=w1000-h1000-k-no,-7.5454781,110.7747197
Hip Coffee Artisans,4.4,579,"Jl. Demak Bintoro Utama No.9, Nusukan, Kec. Banjarsari, Kota Surakarta, Jawa Tengah 57135",Coffee shop,Rp 25–50K,25000,50000,10.00 am–4.00 pm,Tidak Buka 24 Jam,Ya,Ya,Takeaway,Tidak ada delivery,https://lh3.googleusercontent.com/gps-cs-s/APNQkAFCD-Tn4OJLBZKShK-zO4DeutCey6owEYAn7J7R4TpuYZdnvyMs4VYRGRPJfbOi5TV2ZfMoQ15LeHBWijl5VIx2hrooaD3ZEwvN1nMiCbMfKpL-OgKHtltJBBvVYHqvwkXkloRxNA=w1000-h1000-k-no,-7.5473675,110.8198204
a.m - p.m,4.4,1776,"
Slamet Riyadi St No.408, Purwosari, Laweyan, Surakarta City, Central Java 57144
",Coffee shop,Rp 25–125K,25000,125000,7.00 am–3.00 am,Tidak Buka 24 Jam,Tidak,Ya,Takeaway,Delivery,https://lh3.googleusercontent.com/gps-cs-s/APNQkAFof7n1VmHIT1SBunmScoyEuKWiIcBxWVtpRekJ0aSTZvs8ExPKASoB-27NcxUdl5l80rhdSHdS97rmfbNGMAiB5UyjKrQye4c3SyN2p3bNPLfc5-mrdjEoqSYAPSCwk2MKJvaB3g=w1000-h1000-k-no,-7.5640419,110.8008843
Aroema Coffee & Eatery,4.7,48," Jl. Honggowongso, Kratonan, Kec. Serengan, Kota Surakarta, Jawa Tengah 57154",Restaurant,Rp 25–50K,25000,50000,8.00 am–12.00 am,Tidak Buka 24 Jam,Tidak,Ya,Takeaway,Delivery,https://lh3.googleusercontent.com/gps-cs-s/APNQkAHCE53aa4DSZGC-Hhhiwp6reo0qvbNIbLurZZ7M8hLc5KzV5tphycgtf31PChBUd2Ne79Oofp40gowmu7Kgrgiozr5e2138RyX13VMTYSr9KXUrn--iPvfVYH_pcyvvOuBto9Wpme_TopA=w1000-h1000-k-no,-7.5781465,110.8149098
Kopi Calf Signature Manahan Solo,4.6,742,"Jl. Adi Sucipto No.27A, Manahan, Kec. Banjarsari, Kota Surakarta, Jawa Tengah 57319",Coffee shop,Rp 25–50K,25000,50000,7.00 am–12.00 am,Tidak Buka 24 Jam,Ya,Ya,Drive-through,Delivery tanpa kontak,https://lh3.googleusercontent.com/gps-cs-s/APNQkAF0gHQ8VWuUBkHWhZU_60fJHVlpPbCJPYG29ZAN6lgse1WzaxQJ9mHfgLdoELd0hlxea_xsKh2EAUibqRJQrb2x3rWoL-kUOr_s2ynKqIpIoR5XHZexvQypmYWZ5rfR0nfgrPA=w1000-h1000-k-no,-7.5563054,110.8034641
Wahidin Coffee,4.5,778,"Jl. Dr. Wahidin No.3 A, Penumping, Kec. Laweyan, Kota Surakarta, Jawa Tengah 57148",Coffee shop,Rp 25–50K,25000,50000,8.00 am–12.00 am,Tidak Buka 24 Jam,Ya,Ya,Takeaway,Tidak diketahui,https://lh3.googleusercontent.com/gps-cs-s/APNQkAGwWGBaqiFKDYjpg39iSdFUMoDP8Ympl21t5mQJ32K6vrPA-cDBoFtMR8hLnfY_Nb12rYg8O2mi-MF4KVSFHJG5d8hBjtIGIlfgn3OG5ZsxFfyxZIRmofsPFnk_JvWzc9RJ9_QYsA=w1000-h1000-k-no,-7.5661037,110.8060164
Namu Korean Cafe & Resto Solo,4.8,2767,"Jl. Kantil No.19, Dusun I, Grogol, Kec. Grogol, Kabupaten Sukoharjo, Jawa Tengah 57552",Coffee shop,Rp 25–50K,25000,50000,8.00 am–12.00 am,Tidak Buka 24 Jam,Ya,Ya,Takeaway,Delivery tanpa kontak,https://lh3.googleusercontent.com/gps-cs-s/APNQkAHmcRLTNPgzGSYmrCL6ME3uqUZlMXmWY14LuiSCcBUQQBtkd8fKV3dOJVJkounB0md4wY8VbHEVKuO9dN_AMJudig3dKHDGrhK1sW5iGj4Hv86Z8Vxnl7Vn38hLwG6T22Kxxm7N=w1000-h1000-k-no,-7.5958707,110.822559
Kopi Bahasa Solo,4.7,120,"Jl. Kolonel Sutarto No.159, Jebres, Surakarta City, Central Java 57126",Coffee shop,Rp 1–25.000,1000,25000,9.00 am–10.00 pm,Tidak Buka 24 Jam,Ya,Ya,Drive-through,Delivery tanpa kontak,https://lh3.googleusercontent.com/gps-cs-s/APNQkAFnZJwae1ar3dugP9jOboPrSURDsQ2_ZhLFbtPR7ncfYzMKag054chw0C4hLdidAvjhPdwkSQUuZu9U4EHiQFKdDzotX3NSkVH6d7JB9mPRjBdHIy6wGm0W2KqG7wx0CkgjUjjd=w1000-h1000-k-no,-7.5599074,110.8393191
Anak Panah Kopi Solo Keprabon,4.7,1573,"Jl. Ronggowarsito No.57, Keprabon, Kec. Banjarsari, Kota Surakarta, Jawa Tengah 57131",Coffee shop,Rp 25–50K,25000,50000,,Buka 24 Jam,Ya,Ya,Takeaway,Tidak diketahui,https://lh3.googleusercontent.com/gps-cs-s/APNQkAERDJ0ktB5lDXw_pdJT1PKfiWYBvjSttIUD6sFrhJcHfjey2lIfh47LGOL7YJ8uKNTlS_Haq_EJ_4U0pNjTbS1iBQxxmjB402zMNNDPnkGdnD7S5qM81e1ItJl4m9yCNDqAseKY3g=w1000-h1000-k-no,-7.5694001,110.8256306
Hella Coffee,4.6,508,"Jl. Dr. Rajiman No.327, Panularan",Coffee shop,Rp 25–50K,25000,50000,10.00 am - 10.00 pm,Tidak Buka 24 Jam,Ya,Ya,Takeaway,Delivery tanpa kontak,https://lh3.googleusercontent.com/gps-cs-s/APNQkAE6REMSkjf0tbWbDuSdqEwVrsEANY9CVSYXsLBMDMd8OgMHr7CXAB3BpM0zxkdXa5RdTvCPrssISZ-eOO8_3uwRn999HK0WVecB8UEh4iRcd4V7lvT5Hij888jZIkMZHl1zjUf_=w1000-h1000-k-no,-7.5718276,110.8112882
Kopi Titik Koma Solo Baru,4.9,374," Jl. Ir. Soekarno No.25, Dusun I, Madegondo, Kec. Grogol, Kabupaten Sukoharjo, Jawa Tengah 57552",Coffee shop,Rp 25–50K,25000,50000,07.00 am - 10.00 pm,Tidak Buka 24 Jam,Ya,Ya,Takeaway,Tidak diketahui,https://lh3.googleusercontent.com/gps-cs-s/APNQkAEp6jy3fSSbQraTZ8XkM0nnzpE-DjSGewIRjXu89rA8DjAnn-EI9VvJWQAol8QyhP-r2NtAOfY4kxxWxHUHQyv2veldyw-7bKXwIMMSAJBRWQxbGdNZZOuNfdKNdfFoMpNa0UD1kA=w1000-h1000-k-no,-7.599742,110.8140826
Mom Milk,4.3,2725,"Jl. Kanthil No.4, Purwosari, Laweyan, Surakarta City, Central Java 57142",Cafe,Rp 25–50K,25000,50000,10.00 am - 9.00 pm,Tidak Buka 24 Jam,Ya,Ya,Kerbside pickup,Delivery,https://lh3.googleusercontent.com/gps-cs-s/APNQkAFjLh-PceEFp6WdZoL3b_I1ExfkWdy48gKvjPC88Gjj5fMdkgaTkausNDSyyXCiFH2i9Q2TYi5DE0vwL9dqUxEHli68eFjH6Rzp0PX6u4hNWBM77nQWhQHeOBznkHgD-gyLAvVxnw=w1000-h1000-k-no,-7.5608847,110.8065977
ODDS Coffee Company,4.5,626,"Slamet Riyadi St No.241, Kemlayan, Serengan, Surakarta City, Central Java 57151",Coffee shop,Rp 25–50K,25000,50000,,Buka 24 Jam,Ya,Ya,Takeaway,Tidak diketahui,https://lh3.googleusercontent.com/gps-cs-s/APNQkAG2EFmEZj3npfdHtepeHkoqm4gzaFZwgk09x5v9yTSrIfBa-u0B3BJKdYm0Unbdru1EJLPs6Sne7791lW0NHwaj3urxVBSJ8klEnbZ9q_hQTuJNcInc-pZb4TqYZHDEqpLu8V7mUc2QXBBb=w1000-h1000-k-no,-7.5691834,110.8173584
Mi Queso Café,4.5,377,"Jl. Diponegoro IC 7, Dusun III, Madegondo, Grogol, Sukoharjo Regency, Central Java 57552",Coffee shop,Rp 25–50K,25000,50000,10.00 am - 10.00 pm,Tidak Buka 24 Jam,Ya,Ya,Takeaway,Tidak diketahui,https://lh3.googleusercontent.com/gps-cs-s/APNQkAE0H4kUFCcZY8sLfIPpkUsp_apNSYxDPHSBqBsSqzvkZvRsONoHhdISVy48ejOTIIJfdGweAIF5kT6eAnvbk6nib8Fno-Bm1yPPrdCRXTQUYAA4uzC03JazMT8H_6SaJUCpwHU=w1000-h1000-k-no,-7.6036552,110.8141722
Tomuan Coffee & Eatery,4.6,887,"Jl. Menteri Supeno No.7B, Manahan, Kec. Banjarsari, Kota Surakarta, Jawa Tengah 57139",Coffee shop,Rp 25–50K,25000,50000,09.00 am - 12.00 am,Tidak Buka 24 Jam,Ya,Ya,Takeaway,Delivery tanpa kontak,https://lh3.googleusercontent.com/gps-cs-s/APNQkAHRjjU-uDEc7HA6urbuB_t_W_UiJ7XUawmKpo3F9ZIl6jvU77s0Jsrh2cHRNRPtpNQU9K-OUxJRLrcQJLoJo32coeo8rOI1ARdaXS6PnYhg3UoLrbAQpKC8ZhhuyfAMyq6aq0w_5w=w1000-h1000-k-no,-7.5549666,110.8090482
Loske Cafe,4.5,975,"Jl. Menteri Supeno No.7B, Manahan, Kec. Banjarsari, Kota Surakarta, Jawa Tengah 57139",Cafe,Rp 25–50K,25000,50000,6.00 am–11.30 pm,Tidak Buka 24 Jam,Ya,Ya,Drive-through,Delivery tanpa kontak,https://lh3.googleusercontent.com/gps-cs-s/APNQkAGcQmbqcRQlnl8vBUvJ06NMz-zR5hcIIuFo3Lgl5W8DHYn8izcb60xes3j5vBObZ7GCw5lDGNg3xHchuRqo2CBNGlS16DGI4PcgB4LCxhDVrmBbQgxSgqIDL6pMhuFiEfh9HllpFw=w1000-h1000-k-no,-7.5549666,110.8090482
Kedai Kopi Pak Agus,4.7,526,"Jl. Suryopranoto No.19, Kepatihan Wetan, Kec. Jebres, Kota Surakarta, Jawa Tengah 57129",Coffee shop,Rp 25–50K,25000,50000,7.00 am–11.00 pm,Tidak Buka 24 Jam,Ya,Ya,Takeaway,Delivery,https://lh3.googleusercontent.com/gps-cs-s/APNQkAE_D7BZV2LBm0HvLybJDy34_i8N70lRhB4aEDN-aBCxeUuAQhXbidXWqV6bHvCLLGMVIGzXMe_98hFBlQwMyqIfSA5NwP6Tj1GSLiZYcnZHruIcdU7GJIcWdmKNMNcgBSptZGzA=w1000-h1000-k-no,-7.5688637,110.8314323
TOMORO COFFEE - Stasiun Solobalapan,4.4,313,"St. Solo Balapan, Kestalan, Kec. Banjarsari, Kota Surakarta, Jawa Tengah 57133",Coffee shop,Rp 25–50K,25000,50000,6.00 am–12.00 am,Tidak Buka 24 Jam,Ya,Ya,Takeaway,Tidak diketahui,https://lh3.googleusercontent.com/gps-cs-s/APNQkAHoYSox3Duzi0D10WJxXVEfHix52_Dbr_uZTs2AJt0v1VSd5ZTUFFrCL-ltqgurapISNVUA51aVsFVXaMpcK7HGIefSwLXe2y37NvZQgX9dlWfHy7YJt5MxPFSEL0DRObPjPGzVmxQn8n8o=w1000-h1000-k-no,-7.5566858,110.8214403
The Gade Coffee & Gold Solo,4.6,537,"Komplek Pegadaian Purwotomo, Jl. Slamet Riyadi No.357",Coffee shop,Rp 25–50K,25000,50000,8.00 am–10.00 pm,Tidak Buka 24 Jam,Tidak,Ya,Takeaway,Delivery,https://lh3.googleusercontent.com/gps-cs-s/APNQkAG4pLw0zYNBcQvpUToVZ1oCaup1fII06pvCdJyenAqOSdMoXcmCs26wJ5jG7tjyN2HeyN413msu_ENqLMxeOIwaDHkcHFRa7rJD0wr0u3dphcDl_cfq8VoirSWDJwLbSHEuvSv5ew=w1000-h1000-k-no,-7.5641621,110.8005991
Bahagia Bersama Kopi,4.5,706,"Jl. Adi Sucipto 1 No.4, Manahan, Kec. Banjarsari, Kota Surakarta, Jawa Tengah 57139",Cafe,Rp 25–50K,25000,50000,7.00 am–1.00 am,Tidak Buka 24 Jam,Tidak,Ya,Takeaway,Tidak diketahui,https://lh3.googleusercontent.com/gps-cs-s/APNQkAEa7FqWtCtgrz8GZ5Y0kvPzr1xtWWGqGGXMIK7TRW7WnZIyKtB2DMt1SSrRVaPdS624rRcFdzp1Hk5oD-olE5fJXCzijM3RTXeDjexgUmqShNwRVNo_ONbMti_btDnVLYPZRbe6uTPzFvA=w1000-h1000-k-no,-7.5584733,110.8072933
Excelso Solo Paragon,4.4,266,"Mall Solo Paragon Ground Floor # GFC - 12B & 15B, Jl. Yosodipuro No. 133, Mangkubumen, Kec. Banjarsari, Kota Surakarta, Jawa Tengah 57132",Coffee shop,Rp 50–75K,50000,75000,10.00 am–10.00 pm,Tidak Buka 24 Jam,Ya,Ya,Takeaway,Delivery,https://lh3.googleusercontent.com/gps-cs-s/APNQkAF69D0aaq_Eg2Ti46he1lCXLlSXHLGz-KHUy4wrITBzIziBPO5z4nNjYhDlK07fdAbymRBjFOe1IS0LElrnjJn9Joa2U3xhbYnp0Kl-kDz0lAJx0SB-T53cL66LIT6bzDEUN7Ky=w1000-h1000-k-no,-7.5623392,110.8102093
B-coffee,4.8,124,"Jl. Monumen 45 No.4, Setabelan, Kec. Banjarsari, Kota Surakarta, Jawa Tengah 57133",Coffee shop,Rp 25–50K,25000,50000,01.00 pm-11.00 pm,Tidak Buka 24 Jam,Ya,Ya,Takeaway,Delivery tanpa kontak,https://lh3.googleusercontent.com/gps-cs-s/APNQkAFCW8EQcMssmXvXRAO1wvANT0EWqS0ubW2YdXXwmYulRyv72kNhzb2U-r9LROArtKyHfXkjtVX8pndxTfnDXv2QfqziqMLCQZw7YczhR-m708XKll0IfLNhehgLm3SGOYpqvtIv=w1000-h1000-k-no,-7.5595983,110.8263377
Green House Coffee & Eatery,4.6,159,"Jl. Siwalan, Kerten, Kec. Laweyan, Kota Surakarta, Jawa Tengah 57144",Coffee shop,Rp 25–50K,25000,50000,07.00 am- 09.00 pm,Tidak Buka 24 Jam,Ya,Ya,Takeaway,Delivery tanpa kontak,https://lh3.googleusercontent.com/gps-cs-s/APNQkAFy3gwJGE7tQqP6zDkyg8-x0WY52QkRynje1bEo2VcEY3kRJhSf93GAvfrvTTH7oFStkYrSQkx9oZU4W2AFq9YtW4fLtMg9HPTsA1LEA0uK4lcwy46BM5Z3za_j0xhCJLcau5-BRw=w1000-h1000-k-no,-7.5565902,110.7908501
Lana Seduh dan Singgah,4.9,1059,"Slamet Riyadi St No.440, Purwosari, Laweyan, Surakarta City, Central Java 57142",Cafe,Rp 25–50K,25000,50000,09.00 am-11.00 pm,Tidak Buka 24 Jam,Tidak,Ya,Kerbside pickup,Delivery tanpa kontak,https://lh3.googleusercontent.com/gps-cs-s/APNQkAGf381mbmG_09UeGnbEBl9jMmwmpJGT7vbx0Zm6p_b5QffW_YI0KvrFJoSvpPeq9JSKCYv1Tp8C9JB6DDGp8FRHy_q8kHT3IBbguGHAh62uSyP-IOV3U45uELIsnVpOomkEUksa=w1000-h1000-k-no,-7.5632702,110.7996461
GETTSEE,4.5,316,"Slamet Riyadi St No.268 Rt06/04, Timuran, Banjarsari, Surakarta City, Central Java 57714",Coffee shop,Rp 25–50K,25000,50000,-,Buka 24 Jam,Tidak,Ya,Takeaway,Tidak diketahui,https://lh3.googleusercontent.com/gps-cs-s/APNQkAFs8nc6v2cMHbzU5Vghkm7Uq8jManJOMEOfoAvqvdPWMA2R_cHGwni_95s9QrgvqltKdvXAGTRIzXnhvOibiDUYfyqEazivD6lNcEjZguH6YAIs6eSCC83tvt5eO5RD9odw-jVhJZtWiKgx=w1000-h1000-k-no,-7.5686908,110.8174297
Blackbird Coffeeshop Gatsu,4.7,569,"Jl. Gatot Subroto No.33, Singosaren, Kemlayan, Kec. Serengan, Kota Surakarta, Jawa Tengah 57151",Coffee shop,Rp 25–50K,25000,50000, 04.00 pm - 11.30 pm,Tidak Buka 24 Jam,Tidak,Ya,Takeaway,Tidak ada delivery,https://lh3.googleusercontent.com/gps-cs-s/APNQkAHdvMJKZ5LFa6z1Ht-cmOx6COivUFCsbKC-HnoynN1gd8AVfTUR32NucbGcok5NTjBqKpyj6tv-t30mDGD4sSAnK59lhkRGc2ptEVXMAV9Chic2K2M4G6BMkUao8xezA9unnyg=w1000-h1000-k-no,-7.5711758,110.8217548
Ubud Balinya Solo,4.6,182,"Jl.kelud selatan, Jl. Nayu Kelurahan No.42 rt01, RW.05, joglo, Kec. Banjarsari, Kota Surakarta, Jawa Tengah 57135",Cafe,Rp 1–50.000,1000,50000,10.00 am - 11.00 pm,Tidak Buka 24 Jam,Tidak,Ya,Takeaway,Tidak diketahui,https://lh3.googleusercontent.com/gps-cs-s/APNQkAGSzElKGihaWB27V-Bqs0lmR1yQAUNFKNOpXGz2jx30zc9Y6HzQl3I2TLbyxJMoFCjfAEA0_zrhs-r8R-EaMIr0MPeRbBIXqqivHhGkQp6GGgBHcx35JWaPawBlcZSqiiXmtUhs=w1000-h1000-k-no,-7.5472134,110.826514
OXYCO Coffee Shop,4.7,491,"Soba Bisnis Square Ruko Narendra JD-23 Solo Baru, Dusun I, Madegondo, Kec. Grogol, Kabupaten Sukoharjo, Jawa Tengah 57552",Coffee shop,Rp 25–50K,25000,50000,07.30 am  - 10.00 pm,Tidak Buka 24 Jam,Ya,Ya,Takeaway,Delivery tanpa kontak,https://lh3.googleusercontent.com/gps-cs-s/APNQkAEE9TILtw2wIuLkap1M0JgVINRU3MnZUQw5QFEs_5YKySAc7htLSDbiDAeRX_ev7XKHHgszc9eyDgosmJ-Mck5BhpOK-UJgkMZ_CE0URPo4K1aby8-TC_sE0rLLmnW_VgPF1GmGOA=w1000-h1000-k-no,-7.599129,110.8132612
Lesung Pipi Coffee,4.4,546,"Jl. Dr. Cipto Mangunkusumo No.3, Sriwedari, Kec. Laweyan, Kota Surakarta, Jawa Tengah 57141",Coffee shop,Rp 25–50K,25000,50000,07.00 am–00.00 am,Tidak Buka 24 Jam,Ya,Ya,Takeaway,Tidak diketahui,https://lh3.googleusercontent.com/gps-cs-s/APNQkAEEvxNyYbOa6AANNvF5kYmnw2ctNWoyV8n7ijiXuVKLmnU1cJMpwznMWWWQ0EJr5zQO91ccbBAsrZ-QTFkR0KgYoixYwGz8YC1BDA1OfSsO2LUAtX_5y9CNnCOuCw6XViZmhpBEJGsd6-s=w1000-h1000-k-no,-7.5656367,110.8106354
UD Djaya Coffee - Slamet Riyadi,4.6,768,"Jl. Slamet Riyadi No.103, RT.002/RW.03, Kauman, Kec. Ps. Kliwon, Kota Surakarta, Jawa Tengah 57118",Coffee shop,Rp 25–50K,25000,50000,08.00 am–00.00 am,Tidak Buka 24 Jam,Ya,Ya,Takeaway,Delivery,https://lh3.googleusercontent.com/gps-cs-s/APNQkAFeoQcs-am87kC4KfOqxC8bgLEJoKYf3BwC5wuN1trxNnI8Wdn4HwF45irmzt6fSgeB5pdtImlrI8j1aDgt0hpHxWElelG_Yhd7Ui-s2Zb5sRVnYn00lxz7TPc3jJMH8Wh6JYry8b8_58Q=w1000-h1000-k-no,-7.5711875,110.8244693
Pinara Coffee Roaster,4.6,506,"Jl. Kebangkitan Nasional No.85, Penumping, Kec. Laweyan, Kota Surakarta, Jawa Tengah 57141",Coffee shop,Rp 25–50K,25000,50000,07.00 pm–22.00 am,Tidak Buka 24 Jam,Ya,Ya,Takeaway,Delivery tanpa kontak,https://lh3.googleusercontent.com/gps-cs-s/APNQkAHOw98MKzySaW4IqYn683lnqBSEyduY-wZc48A0w7JrBoHAXkvs463RxwhHaFp5TcQ_1-lAJyOrgkwqVWWshOayYhCx-Dn5eU5dBk-oNnFcGjbKSJCPYuO7ijxk1wQ4JG5vEd7yfg=w1000-h1000-k-no,-7.5692308,110.807247
Floith Coffee,4.7,320,"Jl. Padmonegoro No.38, Danukusuman, Kec. Serengan, Kota Surakarta, Jawa Tengah 57552",Coffee shop,Rp 25–50K,25000,50000,10.00 am–11.30 pm,Tidak Buka 24 Jam,Ya,Ya,Takeaway,Delivery tanpa kontak,https://lh3.googleusercontent.com/gps-cs-s/APNQkAF2_1wSDg0gJs3clUHuWlSpme9spuyw_jtFZeLTR2yB3XNhr5g61P3lmvnyS9DmQFH1qG-5ohiXoqoo5-H-xZgWeaeikfLKf2wnKVAkMosGq1UMddWXr55_7OJfDecHJJ4h8iec-Q=w1000-h1000-k-no,-7.5847251,110.8225965
Dali Gelato & Mediterranean Kitchen,4.6,1217,"JADEZ DESIGN, Baron, Jl. Dr. Rajiman, Panularan, Kec. Laweyan, Kota Surakarta, Jawa Tengah 57149",Cafe,Rp 25–50K,25000,50000,10.00 am–10.30 pm,Tidak Buka 24 Jam,Ya,Ya,Takeaway,Delivery tanpa kontak,https://lh3.googleusercontent.com/gps-cs-s/APNQkAG4mENetSX7d1QV9SJbmqxMPVBbZ6FQJCpqnJgQ-QftngHFWGolul87BuMV-Qo7dFQei71Hbrc1TVqyoMK_agPrtn5jUHumLaoBcDh_RpYpACwklYSlZLEQ56oxNna-VO_B0o2e=w1000-h1000-k-no,-7.5716918,110.8103457
Sorak Sorai Coffee Adi Sucipto,4.8,1195,"Jl. Adi Sucipto No.96, Jajar, Kec. Laweyan, Kota Surakarta, Jawa Tengah 57174",Family-friendly,Rp 50–100K,50000,100000,7.00 am–12.00 am,Tidak Buka 24 Jam,Tidak,Ya,Takeaway,Delivery,https://lh3.googleusercontent.com/gps-cs-s/APNQkAHFbyV5GeTdNW4wKozONbLnAA6GnkRVjNHY5v30SaFJ5g-qcOUWfZxgmtW58I9nFtMmoALoTiWRZ3EdhhQoj25kgtW0jdsh0LvHl9WTYtu-DyGKoEJPT4Y1sLmhVMc1VbAPLDFm9koyAD58=w1000-h1000-k-no,-7.5510746,110.7915647
Dom Coffee Solo,4.8,23,"Jl. Saharjo No.36, Kp. Baru, Kec. Ps. Kliwon, Kota Surakarta, Jawa Tengah 57111",Cafeteria,Rp 8–23K,8000,23000,9.00 am–4.00 pm,Tidak Buka 24 Jam,Tidak,Ya,Takeaway,Tidak diketahui,https://lh3.googleusercontent.com/gps-cs-s/APNQkAHVRwVPZRKTCwD_kL81YaG-dsXjhnZQgmQCQT8qnBtBbIFirUL3lLHFcKic3KTBG-G2m1LOjjBSyTvwFG2uGqcFEtbdzSi2C9OAFTwyN3uJdgf6BqsJjmFyaO-TuYGDR9Vt3VqhgQ=w1000-h1000-k-no,-7.5660647,110.8278411
Point Coffee Jaya Wijaya Mojosongo,4.6,581,"Jl. Jaya Wijaya No.99, Mojosongo, Kec. Jebres, Kota Surakarta, Jawa Tengah 57127",Coffee shop,Rp 25–50K,25000,50000,8.00 am–10.00 pm,Buka 24 Jam,Ya,Ya,Takeaway,Delivery tanpa kontak,https://lh3.googleusercontent.com/gps-cs-s/APNQkAHF8PBHaRzbFwARlO468407GfB5aaidT0lC75vrTutC7UEhLaFxZfM76pYBnUAxB_-VgerNlSwo0bhcW8x6DznhonYqAbLJOEq6r6dEfCCL96S8NF7fHkUOWgX_LjQN4F_1CjDn4w=w1000-h1000-k-no,-7.5369426,110.8406956
Harmet Point Coffee and Eatery,4.9,45,"Jl. Kartika No.32, Jebres, Kec. Jebres, Kota Surakarta, Jawa Tengah 57126",Coffee shop,Rp 25–50K,25000,50000,10.30 am–10.00 pm,Tidak Buka 24 Jam,Ya,Ya,Takeaway,Tidak diketahui,https://lh3.googleusercontent.com/gps-cs-s/APNQkAGY7r3VfF8bcHWYaGU78ACrgj5W1M32-xlxT-iH_SX7qQWfbJ3Xl1yG3QTezKgSSDYl_t0y3UlItDxgj_f-qpEcVHt80sJMIa2rq6W1tJCIOQuKhitciQ1JMfyaiRz-uJ-aeSJHX9czPlS7=w1000-h1000-k-no,-7.5544638,110.8597983
RND COFFEE,4.8,68,"CRJ8+FJX, Slamet Riyadi St, Sriwedari, Laweyan, Surakarta City, Central Java 57141",Coffee shop,Rp 25–50K,25000,50000,10.00 am–1.00 am,Tidak Buka 24 Jam,Tidak,Ya,Takeaway,Tidak diketahui,https://lh3.googleusercontent.com/gps-cs-s/APNQkAGJFn1_ezr8mhH33SIUNwUWSK--Nyavp0MfiVjKlyQV_9NYSAem-9U3RXO9iqePHFqf5kWfQHn3mldeYV0Ot-a6XIrbkpi2DoPDxorxIMPWDH2HrSqq1t1t-x74k1I5LdU5FqjZ=w1000-h1000-k-no,-7.5687514,110.8166124
Saudagar Laweyan,4.4,1609,"Jl. Gondosuli No.125, Laweyan, Kec. Laweyan, Kota Surakarta, Jawa Tengah 57148",Coffee shop,Rp 25–50K,25000,50000,8.00 am–11.00 pm,Tidak Buka 24 Jam,Tidak,Ya,Takeaway,Tidak diketahui,https://lh3.googleusercontent.com/gps-cs-s/APNQkAGmT-dw9pRoHqvua7i-K75Bw3eFWz2tH5zsDtYzUk0DBqnMSmMWf1uqQr6FKQMXBhSdoLdWDyONKdIhUSPpnMycFBZ6-ex6Ltewo1OZ7PNpFx_NCxszFYriBqKE8wzrYvlexlzF=w1000-h1000-k-no,-7.5706254,110.796032
Kopine Tjap Nyah Lemu,4.6,637,"Jl. Dr. Sutomo No.20, Penumping, Kec. Laweyan, Kota Surakarta, Jawa Tengah 57141",Coffee shop,Rp 25–50K,25000,50000,7.00 am–8.00 pm,Tidak Buka 24 Jam,Ya,Ya,Takeaway,Delivery,https://lh3.googleusercontent.com/gps-cs-s/APNQkAG4Xf9pmzK6pDPWaRz1KQnQ8fllL07hx7G-2Nmzo4i3o7ILa3B3RHGYlvG-lJgS0ofc5jiTeU3uMs-1F0kZo_D29g2gbR8knmYwfRmxJ3qcRPNQPqjlvLpthABNRONU_AGLix0R=w1000-h1000-k-no,-7.5645728,110.8101047
Dungo Kauman,4.8,157,"Jl. Cakra No.36, Kauman, Kec. Ps. Kliwon, Kota Surakarta, Jawa Tengah 57122",Coffee shop,Rp 25–50K,25000,50000,8.00 am–9.00 pm,Tidak Buka 24 Jam,Tidak,Ya,Takeaway,Tidak ada delivery,https://lh3.googleusercontent.com/gps-cs-s/APNQkAG8yQ6BG0oHwxmdaTww4HDIbKs24GEqJqznaKIFvwqLDov2d_D8WYT98RpkkLMsdd8GX8qS2o9KV0x9pUrgdLKHBj8NIGXnBst6oLfCDWNtfTY2Y0QfXMnLeauotCRVYTqYJ-OQyIy6or5d=w1000-h1000-k-no,-7.5725575,110.824308
Koka DeLight,4.4,804,"Jl. Kebangkitan Nasional Gg. 3, RT./RW/RW.06/04, Penumping, Kec. Laweyan, Kota Surakarta, Jawa Tengah 57141",Cafe,Rp 25–50K,25000,50000,9.00 am–4.00 pm,Tidak Buka 24 Jam,Tidak,Ya,Takeaway,Delivery tanpa kontak,https://lh3.googleusercontent.com/gps-cs-s/APNQkAFNjN3fLQGOSEO_eWNI4loTYWMfrA1H5seogY_hTRq8I-uLPUed41rBZAIQcO1ufd03dxihkel7ihv_nJ0_-ct5ZqrXdb-jyzpSosRsbKmu_9NMvLelBvrm1CffSRrlKrsR4EAc=w1000-h1000-k-no,-7.5684849,110.8073292
Teras Kita Solo,4.8,300,"Jl. Satrio Wibowo No.31, Purwosari, Kec. Laweyan, Kota Surakarta, Jawa Tengah 57142",Coffee shop,Rp 25–50K,25000,50000,10.00 am–10.00 pm,Tidak Buka 24 Jam,Ya,Ya,Takeaway,Delivery,https://lh3.googleusercontent.com/gps-cs-s/APNQkAHOzsdtv9aqnsWk5-rIjXRAPuJsiMEvT19LWCfijOs8Fg3gUAGKfctbFdB2-8QQ0QU0CBBtpuVt7gyEnZKolN2_4Jxl36N1ltZE8sdldgvXvEjQvpJ1BjEyP_llPIHXV-OirAXg=w1000-h1000-k-no,-7.5653776,110.8025607
Unknown Coffee HQ,4.7,3033,"Jl. Raya Baturan Jl. Melati 2, Klemburan, Baturan, Kec. Colomadu, Kabupaten Karanganyar, Jawa Tengah 57171",Coffee shop,Rp 25–50K,25000,50000,8.00 am–12.00 am,Tidak Buka 24 Jam,Tidak,Ya,Kerbside pickup,Delivery,https://lh3.googleusercontent.com/gps-cs-s/APNQkAGluq4bcDM6eQArobMjCvDWWHAnm9-Q4qP-iZPRNwz45IhllSJ15Jjx-tyWvjHSw4B4XOdYUnCM_Ts3LoStIRxo7_JJWzu1hj4I2BgDBMYB-l7BjYNActNkqBAfHJQba--UFh6q=w1000-h1000-k-no,-7.5470723,110.7889205
SKA eRCe Manahan Solo,4.7,118,"CQWW+GW7, Kerten, Laweyan, Surakarta City, Central Java 57143",Cafe,Rp 25–50K,25000,50000,9.00 am–10.30 pm,Tidak Buka 24 Jam,Tidak,Ya,Takeaway,Delivery tanpa kontak,https://lh3.googleusercontent.com/gps-cs-s/APNQkAGAR1fx4hpxJZaLSktChFlEF0pdnP3lmgGdSW0I_jEJYn4Swy5Z9_sFrlwnHd8sXeQdi99wH6hTxIbFbRGEhBsHe6QemBDRSvJbUfecsOjkVdtrJN9Q8WrNwntoRdyBpU2VqePTpQ=w1000-h1000-k-no,-7.5536194,110.7976332
Belikopi. Mangkunegaran,4.1,522,"Jl. R. M. Said No.63, Ketelan, Kec. Banjarsari, Kota Surakarta, Jawa Tengah 57131",Coffee shop,Rp 1–25.000,1000,25000,8.00 am–10.00 pm,Tidak Buka 24 Jam,Ya,Ya,Takeaway,Delivery tanpa kontak,https://lh3.googleusercontent.com/gps-cs-s/APNQkAFUXqkdjujpjGznr1Mg8DqQXJNfI67QIPnvww35G6on5XYxz72E6MnYJnTsCqvNYWvcOrYF0aYpU2ypBH8xUkhoZQGx89QyJuiatlYUazXG8VyRTQ7YG0I9DN3xPYsPX82pqUg=w1000-h1000-k-no,-7.5646138,110.822685
KENNA Kopi,4.6,95,"Jl. Prof. DR. Supomo No.53, Turisari, Mangkubumen, Kec. Banjarsari, Kota Surakarta, Jawa Tengah 57139",Coffee shop,Rp 25–50K,25000,50000,12.00 pm–3.00 am,Tidak Buka 24 Jam,Tidak,Ya,Takeaway,Delivery,https://lh3.googleusercontent.com/gps-cs-s/APNQkAFdPFYW82eXHfp86VpbhewTBcxRS4JVtNBVPmUa5ingTLAF-lCvVLTMjwygVMZVxwPcKwN4g4gl4Ji5jlkW-GWjZnMe5OfYo7G-Fb3DSXwNcTlS-CuYne6OhfYt755ozmexfpPO=w1000-h1000-k-no,-7.5627041,110.8146398
Omah Londo Angkringan,4.3,2687,"Jl. Agus Salim No.2A, Sondakan, Kec. Laweyan, Kota Surakarta, Jawa Tengah 57147",Cafe,Rp 25–50K,25000,50000,8.00 am–11.00 pm,Tidak Buka 24 Jam,Tidak,Ya,Takeaway,Tidak ada delivery,https://lh3.googleusercontent.com/gps-cs-s/APNQkAFWNMPXRLfn95qNah97Tvi87PtgCxJCyVJ1TscP1Fv1EFHEWoNiRh9KebRoDxwmOMucOV7JUm9rZ3wvPT3JNVsimh4z4MJpQvdOltBw1OvKdvi89mRnPw_UNGK1QOQ1-GdvV_Jg=w1000-h1000-k-no,-7.5627503,110.7951989
Lanext Coffee & Space,4.8,116,"Jl. Awan, RT.03/RW.21, Jebres, Surakarta, Jawa Tengah 57126",Coffee Shop,Rp25.000 - Rp50.000,25000,50000,09.00 - 23.30,Tidak Buka 24 Jam,Tidak diketahui,Ya,"Outdoor seating, Takeaway, Booking",Tidak diketahui,https://lh3.googleusercontent.com/gps-cs-s/APNQkAFOHdQ2eRE0g69Ngt4y-KN74z_IwJ8vSPMx6TlGOBxhGgkRFjCCCaUe2DzOYtOD8ijuyAoAjbzQVJwezeOvDWSBYLO7JaMNW5x2Hm2HW_ilRvfQg2q37v2M3gxt9iW_v-WZWo0mfw=w1000-h1000-n-k-no,-7.5589,110.8622
Kopi Kenangan - Keprabon Surakarta,4.9,1500,"Keprabon, Banjarsari, Kota Surakarta, Jawa Tengah 57131",Coffee shop,Rp 25–50K,25000,50000,10.00 am–10.00 pm,Tidak Buka 24 Jam,Ya,Ya,Takeaway,Delivery,https://lh3.googleusercontent.com/gps-cs-s/APNQkAGQcOUzrnuO3J7P1R8bjHEMLuGZ3mTFk84IPSRHV_bzcpGXlJjgneSYmTGOblowrY1wKdCpgKNkG1mjeaIID7qz277pFedFHvCYqu-hRi9138i_QHJj2dkjFVE8uWQwiy3JHPjiKIVvBnh5=w1000-h1000-k-no,-7.5674,110.8238
Kopi Kenangan - Ruko Jl. Sutarto (RSUD Moewardi),4.9,900,"Jl. Kolonel Sutarto, Jebres, Kota Surakarta, Jawa Tengah",Coffee shop,Rp 25–50K,25000,50000,08.00 am–10.00 pm,Tidak Buka 24 Jam,Ya,Ya,Takeaway,Delivery,https://lh3.googleusercontent.com/gps-cs-s/APNQkAF85Q4Uqv8--BUUaWSIxhe65LjUprmIEgUvBassqcy2f5x-4yrgfu0kzzqICkGMuF2012MJF6NyWvWNaMOn0EEJaJ2DPFftDZLMlcyOdWfdx578VIJMcT1jCQ7FflzdZNWhantk2TjE9fmy=w1000-h1000-k-no,-7.5598,110.8488
Kopi Kenangan - Ruko Letjend Sutoyo Surakarta,4.9,700,"Jl. Letjend Sutoyo, Surakarta, Jawa Tengah",Coffee shop,Rp 25–50K,25000,50000,08.00 am–10.00 pm,Tidak Buka 24 Jam,Ya,Ya,Takeaway,Delivery,https://lh3.googleusercontent.com/gps-cs-s/APNQkAE06CMePccN2Y7dvS3sVucjmVsoxYjntm22eGg4dxYOR77cmFcW9bJrI24APa3OR-qjSGaH4ur4SpEViwizZOy-s6og1AipyhNRkq8P6S4Q6s0b_ZHjiRoj89ALRdGM9HDOVZ8t=w1000-h1000-k-no,-7.5665,110.8295
Kopi Kenangan - Ruko Garuda Mas Solo,4.8,600,"Ruko Garuda Mas, Jl. Garuda Mas, Jebres, Surakarta",Coffee shop,Rp 25–50K,25000,50000,08.00 am–10.00 pm,Tidak Buka 24 Jam,Ya,Ya,Takeaway,Delivery,https://lh3.googleusercontent.com/gps-cs-s/APNQkAHAIbTJzmeJYUvS8n69zMjCcRUvYO-PF9TdXw-1UqNeSKGzm3qGpdEg2azgz4RT1uJ-X9mHSq8l_3oS8ccTJMUh19rDPyZ6kfwVssuv_01d0MXTHCMMO0tGtQw8hgqMvmfM8fssstCLXv7=w1000-h1000-k-no,-7.5588,110.8575
Kopi Kenangan - Ruko Fajar Indah Solo,4.9,500,"Ruko Fajar Indah, Laweyan, Surakarta, Jawa Tengah",Coffee shop,Rp 25–50K,25000,50000,08.00 am–10.00 pm,Tidak Buka 24 Jam,Ya,Ya,Takeaway,Delivery,https://lh3.googleusercontent.com/gps-cs-s/APNQkAEsUG8EH4Sz_V20353QW553WqtMmCmBa_vwB5o7cBzlzJNOctgA6yLNtVwwbKBEW4ugTdbCrMb2d0Ec0CR14draH-llVIv9yz8-8T4xgaNZ4qvk4xuzJs-5ZJZYZSzTEQGTZlk7I3tcRGk=w1000-h1000-k-no,-7.568,110.785
